150.22,150.22,150.22,8746.93,2023-03-10 09:30:00
150.065,150.065,150.065,4546.66,2023-03-10 09:31:00
150.045,150.045,150.045,2595.47,2023-03-10 09:32:00
150.125,150.125,150.125,2019.36,2023-03-10 09:33:00
149.99,149.99,149.99,1816.22,2023-03-10 09:34:00
149.83499999999998,149.83499999999998,149.83499999999998,1785.34,2023-03-10 09:35:00
149.765,149.765,149.765,1444.49,2023-03-10 09:36:00
149.805,149.805,149.805,1733.39,2023-03-10 09:37:00
149.76,149.76,149.76,2404.13,2023-03-10 09:38:00
149.66,149.66,149.66,2397.92,2023-03-10 09:39:00
149.64,149.64,149.64,2251.1,2023-03-10 09:40:00
149.525,149.525,149.525,3029.87,2023-03-10 09:41:00
149.39,149.39,149.39,2165.82,2023-03-10 09:42:00
149.26,149.26,149.26,2072.63,2023-03-10 09:43:00
149.175,149.175,149.175,2082,2023-03-10 09:44:00
149.11,149.11,149.11,3546.49,2023-03-10 09:45:00
149.08,149.08,149.08,2463.26,2023-03-10 09:46:00
149.075,149.075,149.075,1839.5,2023-03-10 09:47:00
149.035,149.035,149.035,1345.54,2023-03-10 09:48:00
149.055,149.055,149.055,2237.09,2023-03-10 09:49:00
149.125,149.125,149.125,2024.55,2023-03-10 09:50:00
149.065,149.065,149.065,1840.93,2023-03-10 09:51:00
149.095,149.095,149.095,2226.63,2023-03-10 09:52:00
149.28,149.28,149.28,2404.77,2023-03-10 09:53:00
149.34500000000003,149.34500000000003,149.34500000000003,1522.33,2023-03-10 09:54:00
149.375,149.375,149.375,1751.65,2023-03-10 09:55:00
149.555,149.555,149.555,1903.02,2023-03-10 09:56:00
149.70499999999998,149.70499999999998,149.70499999999998,2025.68,2023-03-10 09:57:00
149.815,149.815,149.815,1889,2023-03-10 09:58:00
149.85,149.85,149.85,1921.92,2023-03-10 09:59:00
149.985,149.985,149.985,3062.22,2023-03-10 10:00:00
150.22500000000002,150.22500000000002,150.22500000000002,2620.09,2023-03-10 10:01:00
150.215,150.215,150.215,1806.26,2023-03-10 10:02:00
150.07999999999998,150.07999999999998,150.07999999999998,2927.65,2023-03-10 10:03:00
150.04500000000002,150.04500000000002,150.04500000000002,2249,2023-03-10 10:04:00
150.095,150.095,150.095,1122.86,2023-03-10 10:05:00
150.215,150.215,150.215,1730.16,2023-03-10 10:06:00
150.33,150.33,150.33,1614.53,2023-03-10 10:07:00
150.255,150.255,150.255,1560.83,2023-03-10 10:08:00
150.26,150.26,150.26,1761.94,2023-03-10 10:09:00
150.26,150.26,150.26,1251.22,2023-03-10 10:10:00
150.14999999999998,150.14999999999998,150.14999999999998,1634.26,2023-03-10 10:11:00
150.23000000000002,150.23000000000002,150.23000000000002,1258.95,2023-03-10 10:12:00
150.22,150.22,150.22,1237.94,2023-03-10 10:13:00
149.995,149.995,149.995,1793.81,2023-03-10 10:14:00
149.865,149.865,149.865,1705.6,2023-03-10 10:15:00
149.72,149.72,149.72,1858.95,2023-03-10 10:16:00
149.675,149.675,149.675,1549.2,2023-03-10 10:17:00
149.79000000000002,149.79000000000002,149.79000000000002,1195.12,2023-03-10 10:18:00
149.73,149.73,149.73,1512.6,2023-03-10 10:19:00
149.71,149.71,149.71,1449.27,2023-03-10 10:20:00
149.64499999999998,149.64499999999998,149.64499999999998,1799.46,2023-03-10 10:21:00
149.51999999999998,149.51999999999998,149.51999999999998,1195.63,2023-03-10 10:22:00
149.41500000000002,149.41500000000002,149.41500000000002,1211.38,2023-03-10 10:23:00
149.45499999999998,149.45499999999998,149.45499999999998,1529.52,2023-03-10 10:24:00
149.57,149.57,149.57,1057.48,2023-03-10 10:25:00
149.59,149.59,149.59,838.46,2023-03-10 10:26:00
149.64,149.64,149.64,897.27,2023-03-10 10:27:00
149.53,149.53,149.53,1120.3,2023-03-10 10:28:00
149.43,149.43,149.43,1013.92,2023-03-10 10:29:00
149.48000000000002,149.48000000000002,149.48000000000002,1305.68,2023-03-10 10:30:00
149.60000000000002,149.60000000000002,149.60000000000002,1458.35,2023-03-10 10:31:00
149.72,149.72,149.72,1053.51,2023-03-10 10:32:00
149.655,149.655,149.655,2022.04,2023-03-10 10:33:00
149.66,149.66,149.66,1015.34,2023-03-10 10:34:00
149.825,149.825,149.825,1045.58,2023-03-10 10:35:00
149.865,149.865,149.865,1180.44,2023-03-10 10:36:00
149.825,149.825,149.825,1026.13,2023-03-10 10:37:00
149.825,149.825,149.825,1415.35,2023-03-10 10:38:00
149.81,149.81,149.81,912.77,2023-03-10 10:39:00
149.775,149.775,149.775,1081.27,2023-03-10 10:40:00
149.675,149.675,149.675,1264.1,2023-03-10 10:41:00
149.54000000000002,149.54000000000002,149.54000000000002,1023.65,2023-03-10 10:42:00
149.45499999999998,149.45499999999998,149.45499999999998,707.12,2023-03-10 10:43:00
149.405,149.405,149.405,701.57,2023-03-10 10:44:00
149.375,149.375,149.375,969.47,2023-03-10 10:45:00
149.345,149.345,149.345,1205.76,2023-03-10 10:46:00
149.25,149.25,149.25,1260.09,2023-03-10 10:47:00
149.22500000000002,149.22500000000002,149.22500000000002,1017.45,2023-03-10 10:48:00
149.325,149.325,149.325,1052.89,2023-03-10 10:49:00
149.325,149.325,149.325,1283.14,2023-03-10 10:50:00
149.3,149.3,149.3,1485.11,2023-03-10 10:51:00
149.435,149.435,149.435,1039.93,2023-03-10 10:52:00
149.58499999999998,149.58499999999998,149.58499999999998,960.33,2023-03-10 10:53:00
149.7,149.7,149.7,970.82,2023-03-10 10:54:00
149.87,149.87,149.87,3107.96,2023-03-10 10:55:00
150.1,150.1,150.1,1506.29,2023-03-10 10:56:00
150.14999999999998,150.14999999999998,150.14999999999998,1606.79,2023-03-10 10:57:00
150.22500000000002,150.22500000000002,150.22500000000002,795.53,2023-03-10 10:58:00
150.38,150.38,150.38,1828.5,2023-03-10 10:59:00
150.35,150.35,150.35,1269.13,2023-03-10 11:00:00
150.275,150.275,150.275,892.53,2023-03-10 11:01:00
150.24,150.24,150.24,777.03,2023-03-10 11:02:00
150.10000000000002,150.10000000000002,150.10000000000002,1224.79,2023-03-10 11:03:00
150.04500000000002,150.04500000000002,150.04500000000002,1175.45,2023-03-10 11:04:00
150.08,150.08,150.08,771.03,2023-03-10 11:05:00
150.10500000000002,150.10500000000002,150.10500000000002,649.62,2023-03-10 11:06:00
150.155,150.155,150.155,745.96,2023-03-10 11:07:00
150.16500000000002,150.16500000000002,150.16500000000002,650.42,2023-03-10 11:08:00
150.225,150.225,150.225,881.12,2023-03-10 11:09:00
150.36,150.36,150.36,1706.52,2023-03-10 11:10:00
150.265,150.265,150.265,1580.42,2023-03-10 11:11:00
150.07,150.07,150.07,820.55,2023-03-10 11:12:00
150.08499999999998,150.08499999999998,150.08499999999998,1244.48,2023-03-10 11:13:00
150.075,150.075,150.075,919.63,2023-03-10 11:14:00
149.92000000000002,149.92000000000002,149.92000000000002,985.45,2023-03-10 11:15:00
149.875,149.875,149.875,919.32,2023-03-10 11:16:00
149.875,149.875,149.875,940.08,2023-03-10 11:17:00
149.945,149.945,149.945,718.4,2023-03-10 11:18:00
150,150,150,1220.24,2023-03-10 11:19:00
150.095,150.095,150.095,1314.45,2023-03-10 11:20:00
150.275,150.275,150.275,1254.01,2023-03-10 11:21:00
150.33499999999998,150.33499999999998,150.33499999999998,1377.21,2023-03-10 11:22:00
150.245,150.245,150.245,1126.09,2023-03-10 11:23:00
150.155,150.155,150.155,871.56,2023-03-10 11:24:00
150.115,150.115,150.115,1816.51,2023-03-10 11:25:00
150.26999999999998,150.26999999999998,150.26999999999998,2145.72,2023-03-10 11:26:00
150.39,150.39,150.39,1352.28,2023-03-10 11:27:00
150.42000000000002,150.42000000000002,150.42000000000002,1338.75,2023-03-10 11:28:00
150.465,150.465,150.465,1274.36,2023-03-10 11:29:00
150.435,150.435,150.435,941.44,2023-03-10 11:30:00
150.49,150.49,150.49,1196.18,2023-03-10 11:31:00
150.605,150.605,150.605,1307.88,2023-03-10 11:32:00
150.67,150.67,150.67,1540.74,2023-03-10 11:33:00
150.75,150.75,150.75,1155.72,2023-03-10 11:34:00
150.87,150.87,150.87,1050.45,2023-03-10 11:35:00
150.79500000000002,150.79500000000002,150.79500000000002,1649.41,2023-03-10 11:36:00
150.60500000000002,150.60500000000002,150.60500000000002,1266.35,2023-03-10 11:37:00
150.64,150.64,150.64,1060.9,2023-03-10 11:38:00
150.715,150.715,150.715,1621.84,2023-03-10 11:39:00
150.685,150.685,150.685,661.23,2023-03-10 11:40:00
150.565,150.565,150.565,1081.68,2023-03-10 11:41:00
150.535,150.535,150.535,761.9,2023-03-10 11:42:00
150.575,150.575,150.575,559.08,2023-03-10 11:43:00
150.47500000000002,150.47500000000002,150.47500000000002,1219.71,2023-03-10 11:44:00
150.3,150.3,150.3,1497.11,2023-03-10 11:45:00
150.065,150.065,150.065,2588.95,2023-03-10 11:46:00
149.97,149.97,149.97,1502.34,2023-03-10 11:47:00
149.965,149.965,149.965,1263.16,2023-03-10 11:48:00
150.04500000000002,150.04500000000002,150.04500000000002,749.63,2023-03-10 11:49:00
150.075,150.075,150.075,994.07,2023-03-10 11:50:00
150.02499999999998,150.02499999999998,150.02499999999998,741.37,2023-03-10 11:51:00
149.975,149.975,149.975,593.55,2023-03-10 11:52:00
149.945,149.945,149.945,580.72,2023-03-10 11:53:00
149.98000000000002,149.98000000000002,149.98000000000002,669.77,2023-03-10 11:54:00
149.965,149.965,149.965,727.87,2023-03-10 11:55:00
149.95499999999998,149.95499999999998,149.95499999999998,739.95,2023-03-10 11:56:00
150.04000000000002,150.04000000000002,150.04000000000002,434.97,2023-03-10 11:57:00
149.97,149.97,149.97,922.01,2023-03-10 11:58:00
149.865,149.865,149.865,1202.48,2023-03-10 11:59:00
149.91000000000003,149.91000000000003,149.91000000000003,676.59,2023-03-10 12:00:00
149.925,149.925,149.925,842.99,2023-03-10 12:01:00
149.915,149.915,149.915,433.27,2023-03-10 12:02:00
149.945,149.945,149.945,464.51,2023-03-10 12:03:00
149.88,149.88,149.88,424.61,2023-03-10 12:04:00
149.77499999999998,149.77499999999998,149.77499999999998,788.02,2023-03-10 12:05:00
149.775,149.775,149.775,808.86,2023-03-10 12:06:00
149.7,149.7,149.7,1187.39,2023-03-10 12:07:00
149.52499999999998,149.52499999999998,149.52499999999998,1312.85,2023-03-10 12:08:00
149.33999999999997,149.33999999999997,149.33999999999997,2563.49,2023-03-10 12:09:00
149.13,149.13,149.13,1340.45,2023-03-10 12:10:00
149.135,149.135,149.135,1112.35,2023-03-10 12:11:00
149.20499999999998,149.20499999999998,149.20499999999998,1143.83,2023-03-10 12:12:00
149.165,149.165,149.165,865.44,2023-03-10 12:13:00
149.14499999999998,149.14499999999998,149.14499999999998,684.06,2023-03-10 12:14:00
149.18,149.18,149.18,917.62,2023-03-10 12:15:00
149.255,149.255,149.255,642.11,2023-03-10 12:16:00
149.29500000000002,149.29500000000002,149.29500000000002,618.96,2023-03-10 12:17:00
149.3,149.3,149.3,599.46,2023-03-10 12:18:00
149.26,149.26,149.26,598.94,2023-03-10 12:19:00
149.235,149.235,149.235,589.71,2023-03-10 12:20:00
149.27,149.27,149.27,561.94,2023-03-10 12:21:00
149.325,149.325,149.325,653.47,2023-03-10 12:22:00
149.35,149.35,149.35,376.97,2023-03-10 12:23:00
149.32999999999998,149.32999999999998,149.32999999999998,451.69,2023-03-10 12:24:00
149.315,149.315,149.315,488.29,2023-03-10 12:25:00
149.32,149.32,149.32,442.02,2023-03-10 12:26:00
149.29500000000002,149.29500000000002,149.29500000000002,396.97,2023-03-10 12:27:00
149.25,149.25,149.25,628.66,2023-03-10 12:28:00
149.305,149.305,149.305,834.45,2023-03-10 12:29:00
149.39499999999998,149.39499999999998,149.39499999999998,1099.23,2023-03-10 12:30:00
149.43,149.43,149.43,831.91,2023-03-10 12:31:00
149.625,149.625,149.625,1212.58,2023-03-10 12:32:00
149.82999999999998,149.82999999999998,149.82999999999998,1785.4,2023-03-10 12:33:00
149.84,149.84,149.84,793.76,2023-03-10 12:34:00
149.78,149.78,149.78,722.4,2023-03-10 12:35:00
149.73000000000002,149.73000000000002,149.73000000000002,995.32,2023-03-10 12:36:00
149.755,149.755,149.755,757.1,2023-03-10 12:37:00
149.85000000000002,149.85000000000002,149.85000000000002,653.23,2023-03-10 12:38:00
149.865,149.865,149.865,712.59,2023-03-10 12:39:00
149.825,149.825,149.825,950.43,2023-03-10 12:40:00
149.685,149.685,149.685,928.36,2023-03-10 12:41:00
149.60500000000002,149.60500000000002,149.60500000000002,711.93,2023-03-10 12:42:00
149.55,149.55,149.55,819.31,2023-03-10 12:43:00
149.59,149.59,149.59,837.21,2023-03-10 12:44:00
149.595,149.595,149.595,553.61,2023-03-10 12:45:00
149.55,149.55,149.55,642.09,2023-03-10 12:46:00
149.58499999999998,149.58499999999998,149.58499999999998,467.71,2023-03-10 12:47:00
149.57,149.57,149.57,457.41,2023-03-10 12:48:00
149.495,149.495,149.495,396.12,2023-03-10 12:49:00
149.45999999999998,149.45999999999998,149.45999999999998,409.09,2023-03-10 12:50:00
149.405,149.405,149.405,616.49,2023-03-10 12:51:00
149.345,149.345,149.345,737.46,2023-03-10 12:52:00
149.305,149.305,149.305,699.29,2023-03-10 12:53:00
149.26,149.26,149.26,540.29,2023-03-10 12:54:00
149.175,149.175,149.175,677.29,2023-03-10 12:55:00
149.115,149.115,149.115,889.59,2023-03-10 12:56:00
149.125,149.125,149.125,872.51,2023-03-10 12:57:00
149.09,149.09,149.09,477.92,2023-03-10 12:58:00
149.12,149.12,149.12,927.9,2023-03-10 12:59:00
149.21499999999997,149.21499999999997,149.21499999999997,822.29,2023-03-10 13:00:00
149.25,149.25,149.25,1165.22,2023-03-10 13:01:00
149.235,149.235,149.235,465.39,2023-03-10 13:02:00
149.195,149.195,149.195,432.81,2023-03-10 13:03:00
149.19,149.19,149.19,482.72,2023-03-10 13:04:00
149.20999999999998,149.20999999999998,149.20999999999998,588.83,2023-03-10 13:05:00
149.21,149.21,149.21,561.93,2023-03-10 13:06:00
149.155,149.155,149.155,717.62,2023-03-10 13:07:00
149.145,149.145,149.145,693.62,2023-03-10 13:08:00
149.2,149.2,149.2,563.9,2023-03-10 13:09:00
149.19,149.19,149.19,601.09,2023-03-10 13:10:00
149.165,149.165,149.165,527.23,2023-03-10 13:11:00
149.14999999999998,149.14999999999998,149.14999999999998,960.64,2023-03-10 13:12:00
149.17000000000002,149.17000000000002,149.17000000000002,501.87,2023-03-10 13:13:00
149.185,149.185,149.185,739.87,2023-03-10 13:14:00
149.07,149.07,149.07,3200.01,2023-03-10 13:15:00
148.985,148.985,148.985,1038.26,2023-03-10 13:16:00
148.945,148.945,148.945,872.73,2023-03-10 13:17:00
148.95499999999998,148.95499999999998,148.95499999999998,752.37,2023-03-10 13:18:00
148.935,148.935,148.935,558.79,2023-03-10 13:19:00
148.89499999999998,148.89499999999998,148.89499999999998,760.65,2023-03-10 13:20:00
148.81,148.81,148.81,1262.48,2023-03-10 13:21:00
148.695,148.695,148.695,1603.49,2023-03-10 13:22:00
148.685,148.685,148.685,1817.5,2023-03-10 13:23:00
148.635,148.635,148.635,1214.54,2023-03-10 13:24:00
148.495,148.495,148.495,1899.72,2023-03-10 13:25:00
148.375,148.375,148.375,1376.26,2023-03-10 13:26:00
148.265,148.265,148.265,1479.14,2023-03-10 13:27:00
148.325,148.325,148.325,1628.23,2023-03-10 13:28:00
148.42000000000002,148.42000000000002,148.42000000000002,861.56,2023-03-10 13:29:00
148.35000000000002,148.35000000000002,148.35000000000002,989.21,2023-03-10 13:30:00
148.32,148.32,148.32,791.44,2023-03-10 13:31:00
148.275,148.275,148.275,939.55,2023-03-10 13:32:00
148.245,148.245,148.245,794.16,2023-03-10 13:33:00
148.235,148.235,148.235,1100,2023-03-10 13:34:00
148.185,148.185,148.185,861.13,2023-03-10 13:35:00
148.215,148.215,148.215,1762.19,2023-03-10 13:36:00
148.28,148.28,148.28,957.69,2023-03-10 13:37:00
148.29500000000002,148.29500000000002,148.29500000000002,500.91,2023-03-10 13:38:00
148.235,148.235,148.235,811.3,2023-03-10 13:39:00
148.185,148.185,148.185,1034.76,2023-03-10 13:40:00
148.135,148.135,148.135,1048.76,2023-03-10 13:41:00
148.05,148.05,148.05,1119.43,2023-03-10 13:42:00
148.01999999999998,148.01999999999998,148.01999999999998,2028.17,2023-03-10 13:43:00
148,148,148,1244.14,2023-03-10 13:44:00
148.015,148.015,148.015,1116.5,2023-03-10 13:45:00
147.99,147.99,147.99,856.51,2023-03-10 13:46:00
147.95499999999998,147.95499999999998,147.95499999999998,879.97,2023-03-10 13:47:00
147.99,147.99,147.99,1388.02,2023-03-10 13:48:00
147.985,147.985,147.985,1694.15,2023-03-10 13:49:00
147.97,147.97,147.97,1460.25,2023-03-10 13:50:00
147.95999999999998,147.95999999999998,147.95999999999998,1157.46,2023-03-10 13:51:00
147.935,147.935,147.935,1268.4,2023-03-10 13:52:00
148.01,148.01,148.01,2021.77,2023-03-10 13:53:00
148.15,148.15,148.15,1152.12,2023-03-10 13:54:00
148.175,148.175,148.175,1156.07,2023-03-10 13:55:00
148.155,148.155,148.155,1012.76,2023-03-10 13:56:00
148.155,148.155,148.155,1142.47,2023-03-10 13:57:00
148.18,148.18,148.18,575.65,2023-03-10 13:58:00
148.20499999999998,148.20499999999998,148.20499999999998,1020.66,2023-03-10 13:59:00
148.315,148.315,148.315,1579.53,2023-03-10 14:00:00
148.43,148.43,148.43,1202.32,2023-03-10 14:01:00
148.41,148.41,148.41,850.82,2023-03-10 14:02:00
148.46499999999997,148.46499999999997,148.46499999999997,1757.48,2023-03-10 14:03:00
148.64499999999998,148.64499999999998,148.64499999999998,2411.91,2023-03-10 14:04:00
148.66,148.66,148.66,1551.44,2023-03-10 14:05:00
148.54500000000002,148.54500000000002,148.54500000000002,911.11,2023-03-10 14:06:00
148.485,148.485,148.485,1066.49,2023-03-10 14:07:00
148.46,148.46,148.46,669.25,2023-03-10 14:08:00
148.62,148.62,148.62,2142.6,2023-03-10 14:09:00
148.76999999999998,148.76999999999998,148.76999999999998,1609.19,2023-03-10 14:10:00
148.715,148.715,148.715,1474.08,2023-03-10 14:11:00
148.66500000000002,148.66500000000002,148.66500000000002,841.83,2023-03-10 14:12:00
148.57,148.57,148.57,719.03,2023-03-10 14:13:00
148.45,148.45,148.45,892.73,2023-03-10 14:14:00
148.41,148.41,148.41,921.16,2023-03-10 14:15:00
148.35500000000002,148.35500000000002,148.35500000000002,656.73,2023-03-10 14:16:00
148.25,148.25,148.25,994.65,2023-03-10 14:17:00
148.16,148.16,148.16,742.08,2023-03-10 14:18:00
148.28,148.28,148.28,1493.31,2023-03-10 14:19:00
148.34,148.34,148.34,747.49,2023-03-10 14:20:00
148.27,148.27,148.27,593.27,2023-03-10 14:21:00
148.185,148.185,148.185,815.22,2023-03-10 14:22:00
148.03500000000003,148.03500000000003,148.03500000000003,1398.03,2023-03-10 14:23:00
147.975,147.975,147.975,638.19,2023-03-10 14:24:00
147.94,147.94,147.94,689.38,2023-03-10 14:25:00
147.92,147.92,147.92,952.53,2023-03-10 14:26:00
147.89999999999998,147.89999999999998,147.89999999999998,791.11,2023-03-10 14:27:00
147.86,147.86,147.86,736.53,2023-03-10 14:28:00
147.895,147.895,147.895,1045.05,2023-03-10 14:29:00
148.015,148.015,148.015,1138.51,2023-03-10 14:30:00
148.175,148.175,148.175,1272.53,2023-03-10 14:31:00
148.245,148.245,148.245,874.95,2023-03-10 14:32:00
148.14499999999998,148.14499999999998,148.14499999999998,996.88,2023-03-10 14:33:00
148.115,148.115,148.115,770.86,2023-03-10 14:34:00
148.14,148.14,148.14,1158.24,2023-03-10 14:35:00
148.24,148.24,148.24,1617.3,2023-03-10 14:36:00
148.37,148.37,148.37,1043.66,2023-03-10 14:37:00
148.365,148.365,148.365,1436.92,2023-03-10 14:38:00
148.41500000000002,148.41500000000002,148.41500000000002,762.98,2023-03-10 14:39:00
148.395,148.395,148.395,921.71,2023-03-10 14:40:00
148.32,148.32,148.32,752.75,2023-03-10 14:41:00
148.49,148.49,148.49,2115.42,2023-03-10 14:42:00
148.52499999999998,148.52499999999998,148.52499999999998,1099.72,2023-03-10 14:43:00
148.3,148.3,148.3,1120.31,2023-03-10 14:44:00
148.28,148.28,148.28,937.85,2023-03-10 14:45:00
148.35000000000002,148.35000000000002,148.35000000000002,825.21,2023-03-10 14:46:00
148.51,148.51,148.51,1721.32,2023-03-10 14:47:00
148.64,148.64,148.64,1094.73,2023-03-10 14:48:00
148.73,148.73,148.73,1858.41,2023-03-10 14:49:00
148.74,148.74,148.74,967.38,2023-03-10 14:50:00
148.625,148.625,148.625,1177.97,2023-03-10 14:51:00
148.61,148.61,148.61,1061.4,2023-03-10 14:52:00
148.635,148.635,148.635,890.64,2023-03-10 14:53:00
148.69,148.69,148.69,713.73,2023-03-10 14:54:00
148.82999999999998,148.82999999999998,148.82999999999998,1660.18,2023-03-10 14:55:00
148.79,148.79,148.79,2328.92,2023-03-10 14:56:00
148.675,148.675,148.675,1322.25,2023-03-10 14:57:00
148.63,148.63,148.63,1313.92,2023-03-10 14:58:00
148.62,148.62,148.62,755.26,2023-03-10 14:59:00
148.665,148.665,148.665,1071.53,2023-03-10 15:00:00
148.56,148.56,148.56,1155.56,2023-03-10 15:01:00
148.44,148.44,148.44,1294.01,2023-03-10 15:02:00
148.435,148.435,148.435,983.33,2023-03-10 15:03:00
148.445,148.445,148.445,1134.33,2023-03-10 15:04:00
148.405,148.405,148.405,1220.3,2023-03-10 15:05:00
148.3,148.3,148.3,1006.77,2023-03-10 15:06:00
148.22,148.22,148.22,1124.37,2023-03-10 15:07:00
148.245,148.245,148.245,3504.04,2023-03-10 15:08:00
148.41500000000002,148.41500000000002,148.41500000000002,1384.27,2023-03-10 15:09:00
148.44,148.44,148.44,828.91,2023-03-10 15:10:00
148.515,148.515,148.515,1406.45,2023-03-10 15:11:00
148.64,148.64,148.64,1289.93,2023-03-10 15:12:00
148.575,148.575,148.575,826.73,2023-03-10 15:13:00
148.435,148.435,148.435,1695.94,2023-03-10 15:14:00
148.37,148.37,148.37,993,2023-03-10 15:15:00
148.425,148.425,148.425,1078.62,2023-03-10 15:16:00
148.4,148.4,148.4,1155.26,2023-03-10 15:17:00
148.28,148.28,148.28,1206.8,2023-03-10 15:18:00
148.12,148.12,148.12,1507.18,2023-03-10 15:19:00
147.985,147.985,147.985,1436.46,2023-03-10 15:20:00
147.98000000000002,147.98000000000002,147.98000000000002,1419.92,2023-03-10 15:21:00
148.035,148.035,148.035,1148.93,2023-03-10 15:22:00
148.055,148.055,148.055,1238.14,2023-03-10 15:23:00
148.15,148.15,148.15,1337.06,2023-03-10 15:24:00
148.21,148.21,148.21,1168.02,2023-03-10 15:25:00
148.28,148.28,148.28,1239.2,2023-03-10 15:26:00
148.37,148.37,148.37,1304.39,2023-03-10 15:27:00
148.365,148.365,148.365,1002.8,2023-03-10 15:28:00
148.37,148.37,148.37,1953.08,2023-03-10 15:29:00
148.34,148.34,148.34,1361.82,2023-03-10 15:30:00
148.32,148.32,148.32,944.77,2023-03-10 15:31:00
148.335,148.335,148.335,981.53,2023-03-10 15:32:00
148.24,148.24,148.24,1188.28,2023-03-10 15:33:00
148.135,148.135,148.135,1415.43,2023-03-10 15:34:00
148.065,148.065,148.065,1309.18,2023-03-10 15:35:00
148.04500000000002,148.04500000000002,148.04500000000002,1652.83,2023-03-10 15:36:00
148.04500000000002,148.04500000000002,148.04500000000002,1429.66,2023-03-10 15:37:00
147.985,147.985,147.985,1267.04,2023-03-10 15:38:00
147.9,147.9,147.9,1633.85,2023-03-10 15:39:00
147.765,147.765,147.765,2250.62,2023-03-10 15:40:00
147.695,147.695,147.695,2005.28,2023-03-10 15:41:00
147.69,147.69,147.69,1314.06,2023-03-10 15:42:00
147.72,147.72,147.72,1641.73,2023-03-10 15:43:00
147.755,147.755,147.755,1349.7,2023-03-10 15:44:00
147.755,147.755,147.755,250.08,2023-03-10 15:45:00
147.75,147.73,147.75,547498,2023-03-10 15:45:40.181114
147.73,147.72,147.73,547536,2023-03-10 15:45:45.278655
147.71,147.7,147.71,547548,2023-03-10 15:45:50.364815
147.68,147.67,147.68,547560,2023-03-10 15:45:55.448106
147.655,147.65,147.66,547581,2023-03-10 15:46:00.546731
147.725,147.72,147.73,548313,2023-03-10 15:46:05.628993
147.75,147.75,147.76,548339,2023-03-10 15:46:10.705808
147.74,147.74,147.75,548371,2023-03-10 15:46:15.805219
147.685,147.68,147.69,548389,2023-03-10 15:46:20.874862
147.74,147.74,147.75,548407,2023-03-10 15:46:25.946895
147.78,147.77,147.79,548444,2023-03-10 15:46:31.055965
147.72,147.71,147.72,549418,2023-03-10 15:46:36.11226
147.71,147.7,147.72,549434,2023-03-10 15:46:41.21473
147.67,147.66,147.67,549443,2023-03-10 15:46:46.315069
147.66,147.66,147.67,549455,2023-03-10 15:46:51.410833
147.7,147.69,147.7,549500,2023-03-10 15:46:56.516636
147.68,147.68,147.69,549514,2023-03-10 15:47:01.599571
147.71,147.7,147.72,550215,2023-03-10 15:47:06.686692
147.675,147.67,147.68,550243,2023-03-10 15:47:11.770236
147.66,147.66,147.67,550292,2023-03-10 15:47:16.869622
147.66,147.66,147.67,550307,2023-03-10 15:47:21.969025
147.65,147.65,147.66,550321,2023-03-10 15:47:27.054501
147.65,147.64,147.65,550356,2023-03-10 15:47:32.123589
147.68,147.66,147.68,550846,2023-03-10 15:47:37.222241
147.675,147.67,147.68,550860,2023-03-10 15:47:42.260146
147.635,147.63,147.64,550874,2023-03-10 15:47:47.338606
147.63,147.62,147.63,551510,2023-03-10 15:47:52.442092
147.65,147.64,147.65,551554,2023-03-10 15:47:57.523308
147.64,147.63,147.64,551591,2023-03-10 15:48:02.626344
147.62,147.61,147.63,551606,2023-03-10 15:48:07.704186
147.655,147.65,147.66,551626,2023-03-10 15:48:12.801202
147.65,147.64,147.65,551639,2023-03-10 15:48:17.897518
147.66,147.66,147.67,552252,2023-03-10 15:48:22.98767
147.67,147.66,147.68,552275,2023-03-10 15:48:28.068377
147.66,147.66,147.67,552288,2023-03-10 15:48:33.15553
147.65,147.65,147.66,552295,2023-03-10 15:48:38.266506
147.68,147.67,147.69,552336,2023-03-10 15:48:43.356288
147.73,147.72,147.73,552355,2023-03-10 15:48:48.446921
147.74,147.73,147.74,553062,2023-03-10 15:48:53.526048
147.75,147.74,147.75,553087,2023-03-10 15:48:58.613156
147.73,147.73,147.74,553103,2023-03-10 15:49:03.695646
147.74,147.74,147.75,553116,2023-03-10 15:49:08.762271
147.71,147.71,147.72,553133,2023-03-10 15:49:13.872891
147.67,147.66,147.67,553146,2023-03-10 15:49:18.975644
147.68,147.67,147.68,554009,2023-03-10 15:49:24.080014
147.71,147.7,147.71,554027,2023-03-10 15:49:29.164491
147.7,147.69,147.7,554044,2023-03-10 15:49:34.243665
147.71,147.71,147.72,554066,2023-03-10 15:49:39.354693
147.695,147.69,147.7,554079,2023-03-10 15:49:44.467973
147.68,147.68,147.69,554099,2023-03-10 15:49:49.535491
147.69,147.69,147.7,554688,2023-03-10 15:49:54.61764
147.7,147.69,147.7,554736,2023-03-10 15:49:59.678933
147.835,147.83,147.84,554755,2023-03-10 15:50:04.747328
147.735,147.73,147.74,554780,2023-03-10 15:50:09.843979
147.75,147.74,147.75,554791,2023-03-10 15:50:14.943456
147.79,147.79,147.8,554812,2023-03-10 15:50:20.056849
147.79,147.79,147.8,556588,2023-03-10 15:50:25.150446
147.745,147.74,147.75,556636,2023-03-10 15:50:30.239777
147.76,147.75,147.76,556646,2023-03-10 15:50:35.324176
147.885,147.88,147.89,556659,2023-03-10 15:50:40.415068
147.86,147.86,147.87,556682,2023-03-10 15:50:45.500547
147.88,147.87,147.88,556713,2023-03-10 15:50:50.553311
147.975,147.97,147.98,558343,2023-03-10 15:50:55.61492
148.02,148.01,148.02,558361,2023-03-10 15:51:00.70918
147.965,147.96,147.97,558376,2023-03-10 15:51:05.781574
147.915,147.91,147.92,558395,2023-03-10 15:51:10.88869
147.98,147.97,147.98,558407,2023-03-10 15:51:15.978285
147.95,147.95,147.97,558417,2023-03-10 15:51:21.063339
147.95499999999998,147.95,147.96,560157,2023-03-10 15:51:26.153677
147.94,147.94,147.95,560192,2023-03-10 15:51:31.221056
147.985,147.98,147.99,560236,2023-03-10 15:51:36.291628
147.97,147.97,147.98,560271,2023-03-10 15:51:41.386383
147.96,147.96,147.97,560291,2023-03-10 15:51:46.473672
147.96,147.96,147.97,561262,2023-03-10 15:51:51.543525
147.96,147.96,147.97,561306,2023-03-10 15:51:56.621784
147.93,147.92,147.93,561322,2023-03-10 15:52:01.722753
147.885,147.88,147.89,561335,2023-03-10 15:52:06.830525
147.88,147.88,147.89,561377,2023-03-10 15:52:11.928144
147.88,147.88,147.89,561399,2023-03-10 15:52:17.042314
147.91,147.91,147.92,562538,2023-03-10 15:52:22.132807
147.93,147.93,147.94,562556,2023-03-10 15:52:27.211882
148.04,148.03,148.04,562578,2023-03-10 15:52:32.307411
148.08,148.07,148.08,562589,2023-03-10 15:52:37.396465
148.01,148.01,148.02,562618,2023-03-10 15:52:42.50613
147.99,147.98,147.99,562633,2023-03-10 15:52:47.571939
148.05,148.04,148.05,564096,2023-03-10 15:52:52.643484
148.01,148,148.02,564127,2023-03-10 15:52:57.802911
148.14,148.13,148.15,564137,2023-03-10 15:53:02.889823
148.12,148.11,148.12,564155,2023-03-10 15:53:07.998797
148.215,148.21,148.22,564187,2023-03-10 15:53:13.106258
148.245,148.24,148.25,564203,2023-03-10 15:53:18.21015
148.27,148.27,148.28,565919,2023-03-10 15:53:23.313942
148.24,148.23,148.24,565949,2023-03-10 15:53:28.367758
148.165,148.16,148.17,565961,2023-03-10 15:53:33.457957
148.215,148.21,148.22,565975,2023-03-10 15:53:38.552863
148.23,148.21,148.23,565996,2023-03-10 15:53:43.64107
148.23,148.22,148.23,566026,2023-03-10 15:53:48.708174
148.22,148.21,148.22,567279,2023-03-10 15:53:53.75666
148.24,148.24,148.25,567296,2023-03-10 15:53:58.85099
148.26,148.25,148.26,567325,2023-03-10 15:54:03.958536
148.22,148.21,148.22,567342,2023-03-10 15:54:09.040112
148.24,148.23,148.24,567359,2023-03-10 15:54:14.119944
148.18,148.18,148.19,567376,2023-03-10 15:54:19.192178
148.1,148.1,148.11,568663,2023-03-10 15:54:24.262222
148.1,148.09,148.1,568716,2023-03-10 15:54:29.34509
148.185,148.18,148.19,568726,2023-03-10 15:54:34.429469
148.19,148.19,148.2,568759,2023-03-10 15:54:39.508879
148.195,148.19,148.2,568772,2023-03-10 15:54:44.610851
148.21,148.2,148.21,568783,2023-03-10 15:54:49.718396
148.26,148.25,148.27,571009,2023-03-10 15:54:54.808192
148.24,148.23,148.24,571028,2023-03-10 15:54:59.908168
148.18,148.18,148.19,571040,2023-03-10 15:55:04.998005
148.19,148.19,148.2,571063,2023-03-10 15:55:10.069905
148.19,148.19,148.2,571077,2023-03-10 15:55:15.143479
148.20499999999998,148.2,148.21,571090,2023-03-10 15:55:20.24857
148.245,148.24,148.25,572537,2023-03-10 15:55:25.331374
148.26,148.25,148.26,572586,2023-03-10 15:55:30.402541
148.27,148.27,148.28,572611,2023-03-10 15:55:35.479682
148.27,148.27,148.28,572633,2023-03-10 15:55:40.566204
148.31,148.3,148.31,572645,2023-03-10 15:55:45.656657
148.31,148.3,148.31,572668,2023-03-10 15:55:50.730571
148.3,148.29,148.3,574078,2023-03-10 15:55:55.804099
148.31,148.3,148.32,574094,2023-03-10 15:56:00.870351
148.3,148.3,148.31,574123,2023-03-10 15:56:05.964654
148.26,148.26,148.27,574141,2023-03-10 15:56:11.025044
148.22,148.21,148.22,574168,2023-03-10 15:56:16.110709
148.22,148.22,148.23,575482,2023-03-10 15:56:21.232736
148.24,148.24,148.25,575541,2023-03-10 15:56:26.346535
148.3,148.3,148.31,575552,2023-03-10 15:56:31.457736
148.305,148.3,148.31,575569,2023-03-10 15:56:36.527665
148.34,148.34,148.35,575579,2023-03-10 15:56:41.629125
148.34,148.34,148.35,575590,2023-03-10 15:56:46.735823
148.34,148.33,148.34,576932,2023-03-10 15:56:51.825051
148.33,148.33,148.34,576943,2023-03-10 15:56:56.879048
148.32,148.32,148.33,576962,2023-03-10 15:57:02.005409
148.32,148.32,148.33,576978,2023-03-10 15:57:07.080308
148.33,148.33,148.34,577002,2023-03-10 15:57:12.18535
148.43,148.43,148.44,577016,2023-03-10 15:57:17.271686
148.49,148.48,148.49,580125,2023-03-10 15:57:22.36911
148.57,148.56,148.58,580146,2023-03-10 15:57:27.498304
148.57,148.56,148.57,580168,2023-03-10 15:57:32.589983
148.51,148.5,148.52,580178,2023-03-10 15:57:37.66255
148.5,148.5,148.51,580204,2023-03-10 15:57:42.742284
148.52,148.51,148.53,580220,2023-03-10 15:57:47.825372
148.53,148.53,148.54,582290,2023-03-10 15:57:53.018467
148.55,148.55,148.56,582305,2023-03-10 15:57:58.096263
148.6,148.59,148.6,582317,2023-03-10 15:58:03.186568
148.62,148.62,148.63,582329,2023-03-10 15:58:08.285122
148.62,148.62,148.64,582345,2023-03-10 15:58:13.363627
148.57,148.57,148.58,582356,2023-03-10 15:58:18.543207
148.58,148.57,148.58,585051,2023-03-10 15:58:23.640697
148.57,148.56,148.57,585064,2023-03-10 15:58:28.742028
148.56,148.55,148.56,585082,2023-03-10 15:58:33.818729
148.59,148.58,148.59,585092,2023-03-10 15:58:38.916565
148.54500000000002,148.54,148.55,585118,2023-03-10 15:58:44.020149
148.59,148.59,148.6,585160,2023-03-10 15:58:49.109598
148.59,148.59,148.6,587876,2023-03-10 15:58:54.200136
148.61,148.6,148.61,587904,2023-03-10 15:58:59.284723
148.52,148.52,148.53,587929,2023-03-10 15:59:04.398813
148.5,148.5,148.51,587944,2023-03-10 15:59:09.493046
148.47,148.47,148.48,587957,2023-03-10 15:59:14.58275
148.505,148.5,148.51,588030,2023-03-10 15:59:19.682348
148.52,148.51,148.52,591535,2023-03-10 15:59:24.896807
148.54,148.53,148.54,591557,2023-03-10 15:59:29.999765
148.565,148.56,148.57,591586,2023-03-10 15:59:35.096628
148.525,148.52,148.53,591612,2023-03-10 15:59:40.177511
148.55,148.55,148.56,591631,2023-03-10 15:59:45.272089
148.56,148.56,148.58,591651,2023-03-10 15:59:50.377733
148.59,148.56,148.62,595280,2023-03-10 15:59:55.456289
148.49,148.46,148.51,595303,2023-03-10 16:00:00.51299
148.51,148.5,148.53,595477,2023-03-10 16:00:05.607209
148.52499999999998,148.51,148.54,596651,2023-03-10 16:00:10.670475
148.52499999999998,148.51,148.54,597331,2023-03-10 16:00:15.756586
148.51,148.46,148.63,597337,2023-03-10 16:00:20.836379
148.555,148.52,148.59,670430,2023-03-10 16:00:25.930908
148.555,148.52,148.59,670430,2023-03-10 16:00:31.030216
148.565,148.54,148.59,670870,2023-03-10 16:00:36.121849
148.56,148.54,148.59,670879,2023-03-10 16:00:41.218746
148.57999999999998,148.57,148.59,670957,2023-03-10 16:00:46.270986
148.59,148.57,148.59,671189,2023-03-10 16:00:51.343869
148.59,148.58,148.62,671189,2023-03-10 16:00:56.439165
148.59,148.58,148.62,671189,2023-03-10 16:01:01.532199
148.645,148.61,148.68,672101,2023-03-10 16:01:06.609416
148.6,148.58,148.62,672106,2023-03-10 16:01:11.710627
148.6,148.58,148.62,672106,2023-03-10 16:01:16.785927
148.47500000000002,148.46,148.49,672230,2023-03-10 16:01:21.889839
148.5,148.47,148.5,672273,2023-03-10 16:01:26.974693
148.44,148.42,148.44,672279,2023-03-10 16:01:32.049877
148.44,148.42,148.44,672292,2023-03-10 16:01:37.129208
148.44,148.42,148.44,672294,2023-03-10 16:01:42.206951
148.4,148.36,148.4,672302,2023-03-10 16:01:47.287414
148.4,148.36,148.4,672438,2023-03-10 16:01:52.366988
148.4,148.36,148.4,672451,2023-03-10 16:01:57.445592
148.5,148.36,148.59,672464,2023-03-10 16:02:02.515058
148.5,148.37,148.59,673441,2023-03-10 16:02:07.60664
148.5,148.37,148.59,673630,2023-03-10 16:02:12.695409
148.5,148.37,148.59,674104,2023-03-10 16:02:17.788911
148.5,148.42,148.59,674935,2023-03-10 16:02:22.893559
148.5,148.42,148.51,677734,2023-03-10 16:02:27.966177
148.5,148.42,148.5,677751,2023-03-10 16:02:33.144574
148.5,148.42,148.51,678229,2023-03-10 16:02:38.237023
148.5,148.42,148.51,678674,2023-03-10 16:02:43.337811
148.5,148.46,148.51,678742,2023-03-10 16:02:48.393133
148.47,148.46,148.5,678762,2023-03-10 16:02:53.463334
148.51,148.51,148.58,678871,2023-03-10 16:02:58.587303
148.51,148.51,148.58,678871,2023-03-10 16:03:03.71329
148.55,148.52,148.58,678871,2023-03-10 16:03:08.820089
148.465,148.43,148.5,678872,2023-03-10 16:03:13.923978
148.5,148.43,148.5,678873,2023-03-10 16:03:19.036227
148.5,148.43,148.5,679686,2023-03-10 16:03:24.138821
148.5,148.43,148.59,679691,2023-03-10 16:03:29.221848
148.5,148.43,148.59,679691,2023-03-10 16:03:34.288568
148.5,148.44,148.59,679691,2023-03-10 16:03:39.390753
148.5,148.44,148.59,679691,2023-03-10 16:03:44.469347
148.5,148.44,148.59,679691,2023-03-10 16:03:49.560136
148.5,148.44,148.59,679699,2023-03-10 16:03:54.664794
148.5,148.43,148.58,679699,2023-03-10 16:03:59.739736
148.45,148.43,148.45,679700,2023-03-10 16:04:04.848592
148.45,148.43,148.45,679700,2023-03-10 16:04:09.948681
148.5,148.46,148.58,679706,2023-03-10 16:04:15.048095
148.5,148.46,148.58,679706,2023-03-10 16:04:20.114275
148.5,148.46,148.58,679709,2023-03-10 16:04:25.227377
148.5,148.46,148.58,679709,2023-03-10 16:04:30.33871
148.5,148.46,148.58,679709,2023-03-10 16:04:35.428693
148.5,148.46,148.58,679709,2023-03-10 16:04:40.525484
148.5,148.46,148.5,679709,2023-03-10 16:04:45.62878
148.5,148.46,148.5,679709,2023-03-10 16:04:50.721066
148.47,148.46,148.48,679710,2023-03-10 16:04:55.798492
148.47,148.46,148.48,679710,2023-03-10 16:05:00.899299
148.47,148.46,148.48,679710,2023-03-10 16:05:06.010639
148.46,148.42,148.46,679712,2023-03-10 16:05:11.098651
148.46,148.42,148.46,679712,2023-03-10 16:05:16.185831
148.46,148.43,148.46,679712,2023-03-10 16:05:21.294736
148.46,148.44,148.46,679715,2023-03-10 16:05:26.485041
148.46,148.45,148.49,679715,2023-03-10 16:05:31.55832
148.46,148.45,148.49,679715,2023-03-10 16:05:36.674118
148.46,148.45,148.49,679715,2023-03-10 16:05:41.767012
148.46,148.45,148.49,679719,2023-03-10 16:05:46.860518
148.46,148.45,148.49,679732,2023-03-10 16:05:51.942917
148.46,148.46,148.48,679732,2023-03-10 16:05:57.005561
148.475,148.47,148.48,679735,2023-03-10 16:06:02.090669
148.47,148.46,148.47,679738,2023-03-10 16:06:07.168239
148.46,148.46,148.47,679744,2023-03-10 16:06:12.259975
148.46,148.44,148.47,679750,2023-03-10 16:06:17.342575
148.46,148.44,148.47,679755,2023-03-10 16:06:22.399629
148.46,148.44,148.47,679755,2023-03-10 16:06:27.471611
148.46,148.44,148.47,679755,2023-03-10 16:06:32.554002
148.46,148.44,148.47,679755,2023-03-10 16:06:37.651149
148.46,148.45,148.47,679755,2023-03-10 16:06:42.751149
148.46,148.45,148.47,679755,2023-03-10 16:06:47.838198
148.46,148.45,148.5,679757,2023-03-10 16:06:52.936074
148.46,148.45,148.5,679757,2023-03-10 16:06:58.035754
148.46,148.45,148.48,679757,2023-03-10 16:07:03.12687
148.46,148.45,148.48,679757,2023-03-10 16:07:08.221419
148.46499999999997,148.45,148.48,680951,2023-03-10 16:07:13.299005
148.46499999999997,148.45,148.48,680951,2023-03-10 16:07:18.388563
148.46499999999997,148.45,148.48,680952,2023-03-10 16:07:23.456347
148.46499999999997,148.45,148.48,680952,2023-03-10 16:07:28.554394
148.46499999999997,148.45,148.48,680952,2023-03-10 16:07:33.630562
148.45,148.45,148.48,680953,2023-03-10 16:07:38.721179
148.45,148.45,148.47,680953,2023-03-10 16:07:43.817224
148.45,148.45,148.46,680953,2023-03-10 16:07:48.889488
148.45,148.45,148.47,680958,2023-03-10 16:07:53.958323
148.45,148.45,148.47,680958,2023-03-10 16:07:59.063546
148.45,148.45,148.47,680958,2023-03-10 16:08:04.130767
148.46,148.45,148.47,680967,2023-03-10 16:08:09.231082
148.46,148.45,148.47,680967,2023-03-10 16:08:14.329719
148.46,148.45,148.47,680986,2023-03-10 16:08:19.398746
148.46,148.45,148.47,681024,2023-03-10 16:08:24.495581
148.46,148.45,148.47,681024,2023-03-10 16:08:29.575241
148.45,148.45,148.47,681025,2023-03-10 16:08:34.656643
148.46,148.45,148.47,681026,2023-03-10 16:08:39.740957
148.46,148.45,148.47,681026,2023-03-10 16:08:44.804874
148.46,148.45,148.47,681026,2023-03-10 16:08:49.909614
148.46,148.45,148.47,681029,2023-03-10 16:08:54.971868
148.46,148.45,148.46,681029,2023-03-10 16:09:00.069935
148.45,148.45,148.46,681030,2023-03-10 16:09:05.15102
148.46,148.45,148.46,681033,2023-03-10 16:09:10.231901
148.46,148.45,148.46,681033,2023-03-10 16:09:15.329031
148.46,148.45,148.46,681035,2023-03-10 16:09:20.3943
148.46,148.45,148.46,681037,2023-03-10 16:09:25.502602
148.46,148.45,148.46,681041,2023-03-10 16:09:30.589565
148.46,148.45,148.46,681041,2023-03-10 16:09:35.678263
148.46,148.45,148.46,681041,2023-03-10 16:09:40.760709
148.46,148.45,148.47,681041,2023-03-10 16:09:45.83057
148.46,148.45,148.47,681041,2023-03-10 16:09:50.930649
148.46,148.45,148.47,681042,2023-03-10 16:09:56.027446
148.45,148.45,148.46,681044,2023-03-10 16:10:01.131737
148.45,148.44,148.45,681046,2023-03-10 16:10:06.193422
148.445,148.44,148.45,681127,2023-03-10 16:10:11.278372
148.44,148.43,148.45,681127,2023-03-10 16:10:16.382543
148.43,148.43,148.45,681135,2023-03-10 16:10:21.462526
148.43,148.43,148.45,681135,2023-03-10 16:10:26.568551
148.43,148.41,148.45,681136,2023-03-10 16:10:31.646142
148.41,148.41,148.41,681136,2023-03-10 16:10:36.74204
148.41,148.41,148.45,681138,2023-03-10 16:10:41.805887
148.41,148.41,148.45,681138,2023-03-10 16:10:46.898804
148.41,148.41,148.45,681141,2023-03-10 16:10:51.953748
148.4,148.4,148.45,681143,2023-03-10 16:10:57.051449
148.435,148.42,148.45,681143,2023-03-10 16:11:02.132069
148.42,148.4,148.45,681144,2023-03-10 16:11:07.227635
148.42,148.4,148.45,681144,2023-03-10 16:11:12.321406
148.42,148.4,148.45,681144,2023-03-10 16:11:17.40369
148.42,148.4,148.45,681145,2023-03-10 16:11:22.497864
148.42,148.4,148.45,681145,2023-03-10 16:11:27.596938
148.42,148.4,148.45,681145,2023-03-10 16:11:32.699235
148.42,148.4,148.45,681145,2023-03-10 16:11:37.792625
148.42,148.4,148.45,681145,2023-03-10 16:11:42.851117
148.42,148.4,148.45,681145,2023-03-10 16:11:47.936167
148.42,148.4,148.45,681146,2023-03-10 16:11:53.028087
148.42,148.4,148.45,681146,2023-03-10 16:11:58.127742
148.42,148.4,148.45,681146,2023-03-10 16:12:03.216213
148.42,148.4,148.45,681146,2023-03-10 16:12:08.299348
148.42,148.4,148.44,681146,2023-03-10 16:12:13.404715
148.41,148.38,148.44,681150,2023-03-10 16:12:18.502768
148.41,148.38,148.44,681159,2023-03-10 16:12:23.58812
148.38,148.32,148.44,681160,2023-03-10 16:12:28.686446
148.34,148.34,148.44,681161,2023-03-10 16:12:33.769749
148.49,148.45,148.49,681163,2023-03-10 16:12:38.871428
148.49,148.45,148.49,681163,2023-03-10 16:12:43.966322
148.45,148.45,148.49,681164,2023-03-10 16:12:49.067783
148.45,148.43,148.48,681183,2023-03-10 16:12:54.146046
148.45,148.41,148.46,681183,2023-03-10 16:12:59.225871
148.485,148.48,148.49,681184,2023-03-10 16:13:04.341002
148.41,148.4,148.49,681186,2023-03-10 16:13:09.414994
148.41,148.41,148.49,681186,2023-03-10 16:13:14.490621
148.42,148.41,148.46,681190,2023-03-10 16:13:19.593259
148.42,148.41,148.46,681201,2023-03-10 16:13:24.64925
148.46,148.41,148.46,681202,2023-03-10 16:13:29.748508
148.46,148.41,148.46,681202,2023-03-10 16:13:34.858705
148.46,148.44,148.46,681202,2023-03-10 16:13:39.951774
148.44,148.44,148.46,681204,2023-03-10 16:13:45.051299
148.44,148.44,148.46,681208,2023-03-10 16:13:50.156512
148.44,148.44,148.46,681211,2023-03-10 16:13:55.238312
148.44,148.41,148.45,681217,2023-03-10 16:14:00.461115
148.44,148.41,148.45,681217,2023-03-10 16:14:05.550663
148.42,148.4,148.45,681219,2023-03-10 16:14:10.61203
148.42,148.4,148.45,681219,2023-03-10 16:14:15.693943
148.42,148.4,148.46,681219,2023-03-10 16:14:20.800167
148.42,148.4,148.46,681223,2023-03-10 16:14:25.908124
148.42,148.4,148.46,681223,2023-03-10 16:14:31.005781
148.42,148.4,148.46,681223,2023-03-10 16:14:36.101374
148.42,148.4,148.46,681223,2023-03-10 16:14:41.18574
148.42,148.4,148.42,681223,2023-03-10 16:14:46.271202
148.42,148.4,148.42,681223,2023-03-10 16:14:51.338906
148.37,148.33,148.41,681223,2023-03-10 16:14:56.404662
148.37,148.33,148.41,681223,2023-03-10 16:15:01.457173
148.37,148.33,148.41,681223,2023-03-10 16:15:06.524803
148.36,148.33,148.39,681223,2023-03-10 16:15:11.647922
148.375,148.36,148.39,681223,2023-03-10 16:15:16.747982
148.375,148.36,148.39,681226,2023-03-10 16:15:21.85802
148.37,148.35,148.39,681226,2023-03-10 16:15:26.947049
148.37,148.35,148.39,681226,2023-03-10 16:15:32.037178
148.38,148.37,148.39,681228,2023-03-10 16:15:37.11536
148.38,148.37,148.39,681228,2023-03-10 16:15:42.177848
148.4,148.38,148.41,681230,2023-03-10 16:15:47.276669
148.4,148.38,148.41,681232,2023-03-10 16:15:52.403173
148.4,148.38,148.41,681232,2023-03-10 16:15:57.543292
148.4,148.38,148.41,681232,2023-03-10 16:16:02.630424
148.4,148.38,148.41,681232,2023-03-10 16:16:07.691779
148.4,148.38,148.41,681232,2023-03-10 16:16:12.792375
148.39,148.35,148.4,681233,2023-03-10 16:16:17.865742
148.39,148.35,148.4,681235,2023-03-10 16:16:22.939147
148.4,148.37,148.42,681236,2023-03-10 16:16:28.041851
148.4,148.37,148.42,681236,2023-03-10 16:16:33.140146
148.4,148.37,148.42,681236,2023-03-10 16:16:38.238165
148.4,148.37,148.42,681236,2023-03-10 16:16:43.322591
148.4,148.37,148.42,681236,2023-03-10 16:16:48.402548
148.4,148.37,148.42,681238,2023-03-10 16:16:53.468499
148.4,148.37,148.42,681238,2023-03-10 16:16:58.575522
148.4,148.37,148.42,681238,2023-03-10 16:17:03.649475
148.4,148.37,148.42,681238,2023-03-10 16:17:08.723058
148.4,148.37,148.42,681238,2023-03-10 16:17:13.786533
148.4,148.37,148.42,681238,2023-03-10 16:17:18.867421
148.4,148.37,148.42,681238,2023-03-10 16:17:23.935452
148.4,148.37,148.42,681238,2023-03-10 16:17:29.022744
148.4,148.37,148.42,681239,2023-03-10 16:17:34.127499
148.42,148.37,148.42,681240,2023-03-10 16:17:39.213751
148.42,148.37,148.42,681248,2023-03-10 16:17:44.300473
148.42,148.4,148.44,681255,2023-03-10 16:17:49.411874
148.42,148.41,148.44,681267,2023-03-10 16:17:54.525695
148.42,148.41,148.44,681267,2023-03-10 16:17:59.599364
148.42,148.41,148.44,681267,2023-03-10 16:18:04.708908
148.42,148.42,148.44,681267,2023-03-10 16:18:09.776094
148.42,148.42,148.44,681267,2023-03-10 16:18:14.831393
148.44,148.42,148.44,681268,2023-03-10 16:18:19.934489
148.44,148.42,148.44,681269,2023-03-10 16:18:25.048768
148.44,148.42,148.44,681269,2023-03-10 16:18:30.145745
148.44,148.42,148.44,681269,2023-03-10 16:18:35.226284
148.44,148.42,148.44,681269,2023-03-10 16:18:40.30091
148.42,148.41,148.42,681271,2023-03-10 16:18:45.351826
148.42,148.42,148.45,681276,2023-03-10 16:18:50.43108
148.42,148.41,148.44,681280,2023-03-10 16:18:55.501453
148.42,148.41,148.44,681280,2023-03-10 16:19:00.564359
148.42,148.41,148.44,681280,2023-03-10 16:19:05.633325
148.42,148.41,148.44,681280,2023-03-10 16:19:10.682601
148.41,148.4,148.42,681282,2023-03-10 16:19:15.778117
148.41,148.4,148.42,681282,2023-03-10 16:19:20.879077
148.41,148.4,148.42,681284,2023-03-10 16:19:25.978673
148.41,148.4,148.42,681284,2023-03-10 16:19:31.075103
148.41,148.4,148.42,681284,2023-03-10 16:19:36.155133
148.41,148.4,148.42,681284,2023-03-10 16:19:41.252037
148.375,148.36,148.39,681287,2023-03-10 16:19:46.339908
148.375,148.36,148.39,681287,2023-03-10 16:19:51.440399
148.375,148.36,148.39,681290,2023-03-10 16:19:56.528198
148.39,148.36,148.39,681291,2023-03-10 16:20:01.621257
148.39,148.36,148.39,681291,2023-03-10 16:20:06.695507
148.39,148.36,148.39,681291,2023-03-10 16:20:11.760792
148.39,148.36,148.39,681291,2023-03-10 16:20:16.865477
148.39,148.36,148.39,681291,2023-03-10 16:20:21.960288
148.39,148.36,148.39,681291,2023-03-10 16:20:27.050468
148.39,148.36,148.39,681291,2023-03-10 16:20:32.097261
148.37,148.36,148.38,681291,2023-03-10 16:20:37.176403
148.39,148.36,148.39,681291,2023-03-10 16:20:42.28129
148.39,148.36,148.39,681291,2023-03-10 16:20:47.386195
148.39,148.36,148.39,681294,2023-03-10 16:20:52.488087
148.39,148.38,148.4,681295,2023-03-10 16:20:57.548368
148.39,148.39,148.4,681295,2023-03-10 16:21:02.645786
148.4,148.39,148.4,681297,2023-03-10 16:21:07.713559
148.39,148.39,148.4,681301,2023-03-10 16:21:12.828853
148.39,148.39,148.4,681301,2023-03-10 16:21:17.930192
148.39,148.39,148.4,681302,2023-03-10 16:21:23.02845
148.39,148.39,148.4,681302,2023-03-10 16:21:28.106777
148.39,148.39,148.4,681302,2023-03-10 16:21:33.166099
148.39,148.39,148.4,681302,2023-03-10 16:21:38.241959
148.39,148.39,148.4,681302,2023-03-10 16:21:43.320987
148.39,148.39,148.4,681302,2023-03-10 16:21:48.435215
148.39,148.39,148.4,681302,2023-03-10 16:21:53.535151
148.39,148.39,148.4,681302,2023-03-10 16:21:58.626767
148.39,148.39,148.4,681302,2023-03-10 16:22:03.717637
148.39,148.39,148.4,681302,2023-03-10 16:22:08.784063
148.39,148.39,148.4,681302,2023-03-10 16:22:13.880924
148.39,148.39,148.4,681302,2023-03-10 16:22:18.967247
148.39,148.39,148.4,681302,2023-03-10 16:22:24.058767
148.39499999999998,148.39,148.4,681550,2023-03-10 16:22:29.149356
148.4,148.39,148.4,681551,2023-03-10 16:22:34.237583
148.4,148.39,148.4,681556,2023-03-10 16:22:39.302874
148.4,148.39,148.45,681579,2023-03-10 16:22:44.381534
148.4,148.39,148.41,681579,2023-03-10 16:22:49.573388
148.4,148.4,148.47,681592,2023-03-10 16:22:54.661549
148.4,148.4,148.47,681592,2023-03-10 16:22:59.759129
148.4,148.4,148.44,681593,2023-03-10 16:23:04.850967
148.4,148.4,148.44,681593,2023-03-10 16:23:09.935013
148.4,148.4,148.44,681593,2023-03-10 16:23:15.017565
148.4,148.4,148.44,681593,2023-03-10 16:23:20.108357
148.4,148.4,148.44,681594,2023-03-10 16:23:25.179215
148.4,148.39,148.44,681594,2023-03-10 16:23:30.285122
148.4,148.39,148.44,681594,2023-03-10 16:23:35.389637
148.4,148.39,148.44,681594,2023-03-10 16:23:40.508029
148.4,148.39,148.44,681594,2023-03-10 16:23:45.635396
148.4,148.39,148.44,681594,2023-03-10 16:23:50.729385
148.4,148.39,148.44,681595,2023-03-10 16:23:55.810286
148.4,148.39,148.44,681595,2023-03-10 16:24:00.882327
148.4,148.4,148.44,681595,2023-03-10 16:24:05.937359
148.4,148.4,148.44,681595,2023-03-10 16:24:11.0219
148.4,148.4,148.44,681595,2023-03-10 16:24:16.096847
148.44,148.4,148.44,681596,2023-03-10 16:24:21.209876
148.44,148.4,148.44,681598,2023-03-10 16:24:26.309224
148.44,148.4,148.44,681598,2023-03-10 16:24:31.418366
148.44,148.4,148.44,681598,2023-03-10 16:24:36.506466
148.44,148.4,148.44,681598,2023-03-10 16:24:41.600453
148.44,148.4,148.44,681598,2023-03-10 16:24:46.667177
148.44,148.4,148.44,681598,2023-03-10 16:24:51.742787
148.44,148.4,148.44,681598,2023-03-10 16:24:56.820267
148.44,148.4,148.44,681598,2023-03-10 16:25:01.909631
148.44,148.4,148.44,681598,2023-03-10 16:25:07.000412
148.44,148.4,148.44,681598,2023-03-10 16:25:12.089881
148.44,148.4,148.44,681598,2023-03-10 16:25:17.167453
148.44,148.4,148.44,681599,2023-03-10 16:25:22.249881
148.44,148.4,148.44,681599,2023-03-10 16:25:27.337424
148.44,148.4,148.44,681599,2023-03-10 16:25:32.408152
148.44,148.4,148.44,681599,2023-03-10 16:25:37.488244
148.44,148.4,148.44,681599,2023-03-10 16:25:42.564116
148.44,148.4,148.44,681599,2023-03-10 16:25:47.629463
148.44,148.42,148.47,681600,2023-03-10 16:25:52.687655
148.44,148.42,148.44,681600,2023-03-10 16:25:57.756236
148.43,148.41,148.45,681602,2023-03-10 16:26:02.850274
148.43,148.41,148.45,681602,2023-03-10 16:26:07.93331
148.45,148.45,148.48,681603,2023-03-10 16:26:13.024709
148.45,148.44,148.46,681605,2023-03-10 16:26:18.101785
148.45,148.44,148.46,681607,2023-03-10 16:26:23.187624
148.45,148.44,148.46,681607,2023-03-10 16:26:28.294217
148.45,148.44,148.46,681607,2023-03-10 16:26:33.390242
148.45,148.41,148.46,681607,2023-03-10 16:26:38.475741
148.45,148.41,148.46,681607,2023-03-10 16:26:43.541942
148.45,148.41,148.46,681607,2023-03-10 16:26:48.619622
148.45,148.41,148.46,681608,2023-03-10 16:26:53.718708
148.45,148.41,148.46,681608,2023-03-10 16:26:58.797047
148.45,148.41,148.46,681608,2023-03-10 16:27:03.872295
148.45,148.41,148.46,681608,2023-03-10 16:27:08.982421
148.45,148.41,148.46,681608,2023-03-10 16:27:14.084596
148.45,148.44,148.46,681608,2023-03-10 16:27:19.187864
148.45,148.44,148.46,681609,2023-03-10 16:27:24.297101
148.45,148.41,148.45,681609,2023-03-10 16:27:29.411234
148.45,148.41,148.45,681609,2023-03-10 16:27:34.525156
148.43,148.41,148.45,681610,2023-03-10 16:27:39.616432
148.43,148.41,148.45,681610,2023-03-10 16:27:44.713395
148.43,148.41,148.45,681610,2023-03-10 16:27:49.772507
148.43,148.41,148.45,681610,2023-03-10 16:27:54.883564
148.43,148.41,148.45,681610,2023-03-10 16:27:59.957487
148.43,148.41,148.45,681610,2023-03-10 16:28:05.061192
148.43,148.43,148.45,681610,2023-03-10 16:28:10.169036
148.43,148.43,148.45,681610,2023-03-10 16:28:15.279164
148.43,148.41,148.45,681610,2023-03-10 16:28:20.354982
148.43,148.41,148.43,681611,2023-03-10 16:28:25.441739
148.43,148.42,148.45,681611,2023-03-10 16:28:30.541753
148.43,148.41,148.45,681611,2023-03-10 16:28:35.645635
148.43,148.41,148.45,681611,2023-03-10 16:28:40.747755
148.43,148.41,148.45,681611,2023-03-10 16:28:45.847995
148.43,148.41,148.45,681611,2023-03-10 16:28:50.927322
148.43,148.41,148.45,681613,2023-03-10 16:28:56.018017
148.43,148.41,148.45,681613,2023-03-10 16:29:01.105829
148.43,148.41,148.45,681613,2023-03-10 16:29:06.197379
148.43,148.41,148.45,681613,2023-03-10 16:29:11.284082
148.43,148.41,148.45,681613,2023-03-10 16:29:16.361471
148.41,148.41,148.45,681623,2023-03-10 16:29:21.561326
148.435,148.42,148.45,681623,2023-03-10 16:29:26.64161
148.42,148.42,148.45,681633,2023-03-10 16:29:31.737183
148.42,148.42,148.45,681633,2023-03-10 16:29:36.831361
148.42,148.42,148.45,681633,2023-03-10 16:29:41.892075
148.42,148.42,148.45,681633,2023-03-10 16:29:46.980633
148.42,148.42,148.45,681634,2023-03-10 16:29:52.060877
148.42,148.42,148.45,681635,2023-03-10 16:29:57.151619
148.42,148.42,148.45,681637,2023-03-10 16:30:02.244893
148.42,148.42,148.45,681637,2023-03-10 16:30:07.32413
148.42,148.42,148.45,681637,2023-03-10 16:30:12.403126
148.42,148.42,148.45,681637,2023-03-10 16:30:17.50705
148.42,148.4,148.45,681649,2023-03-10 16:30:22.579363
148.42,148.4,148.45,681649,2023-03-10 16:30:27.677993
148.42,148.4,148.45,681649,2023-03-10 16:30:32.776189
148.4,148.4,148.45,681655,2023-03-10 16:30:37.859889
148.4,148.4,148.45,681655,2023-03-10 16:30:42.951977
148.4,148.4,148.42,681655,2023-03-10 16:30:48.048503
148.4,148.4,148.42,681658,2023-03-10 16:30:53.148536
148.4,148.4,148.42,681658,2023-03-10 16:30:58.258155
